{
  "project_info": {
    "project_number": "22893085853",
    "project_id": "nativ-882a4",
    "storage_bucket": "nativ-882a4.appspot.com"
  },
  "client": [
    {
      "client_info": {
        "mobilesdk_app_id": "1:22893085853:android:e0fac5921b75e8863e8074",
        "android_client_info": {
          "package_name": "com.cvergara.nativ"
        }
      },
      "oauth_client": [
        {
          "client_id": "22893085853-2h93h50opta1idaia9ns70lv1addnsac.apps.googleusercontent.com",
          "client_type": 1,
          "android_info": {
            "package_name": "com.cvergara.nativ",
            "certificate_hash": "56182dda2511ae3a0aa9abf83759174d71fc61eb"
          }
        },
        {
          "client_id": "22893085853-r1ghicbc67g1q4hq5snc8rp528is9qdn.apps.googleusercontent.com",
          "client_type": 3
        }
      ],
      "api_key": [
        {
          "current_key": "AIzaSyCxaz16hOh2_qQS-xFqN1EhmL8Zi6w1o-4"
        }
      ],
      "services": {
        "appinvite_service": {
          "other_platform_oauth_client": [
            {
              "client_id": "22893085853-r1ghicbc67g1q4hq5snc8rp528is9qdn.apps.googleusercontent.com",
              "client_type": 3
            },
            {
              "client_id": "22893085853-6dv3pn1g8a6fgjl60cq9fmsjqbfep8jn.apps.googleusercontent.com",
              "client_type": 2,
              "ios_info": {
                "bundle_id": "com.cvergara.nativ"
              }
            }
          ]
        }
      }
    }
  ],
  "configuration_version": "1"
}